image_path,label,class_name
C:\Users\shash\.cache\kagglehub\datasets\saurabhbagchi\deepfake-image-detection\versions\2\train-20250112T065955Z-001\train\fake\171.jpg,1,fake
C:\Users\shash\.cache\kagglehub\datasets\saurabhbagchi\deepfake-image-detection\versions\2\train-20250112T065955Z-001\train\real\5411.jpg,0,real
C:\Users\shash\.cache\kagglehub\datasets\saurabhbagchi\deepfake-image-detection\versions\2\train-20250112T065955Z-001\train\fake\143.jpg,1,fake
C:\Users\shash\.cache\kagglehub\datasets\saurabhbagchi\deepfake-image-detection\versions\2\train-20250112T065955Z-001\train\fake\147.jpg,1,fake
C:\Users\shash\.cache\kagglehub\datasets\saurabhbagchi\deepfake-image-detection\versions\2\train-20250112T065955Z-001\train\real\5419.jpg,0,real
C:\Users\shash\.cache\kagglehub\datasets\saurabhbagchi\deepfake-image-detection\versions\2\train-20250112T065955Z-001\train\fake\530.jpg,1,fake
C:\Users\shash\.cache\kagglehub\datasets\saurabhbagchi\deepfake-image-detection\versions\2\train-20250112T065955Z-001\train\fake\159.jpg,1,fake
C:\Users\shash\.cache\kagglehub\datasets\saurabhbagchi\deepfake-image-detection\versions\2\train-20250112T065955Z-001\train\real\5328.jpg,0,real
C:\Users\shash\.cache\kagglehub\datasets\saurabhbagchi\deepfake-image-detection\versions\2\train-20250112T065955Z-001\train\real\5394.jpg,0,real
C:\Users\shash\.cache\kagglehub\datasets\saurabhbagchi\deepfake-image-detection\versions\2\train-20250112T065955Z-001\train\fake\232.jpg,1,fake
C:\Users\shash\.cache\kagglehub\datasets\saurabhbagchi\deepfake-image-detection\versions\2\train-20250112T065955Z-001\train\real\5390.jpg,0,real
C:\Users\shash\.cache\kagglehub\datasets\saurabhbagchi\deepfake-image-detection\versions\2\train-20250112T065955Z-001\train\fake\185.jpg,1,fake
C:\Users\shash\.cache\kagglehub\datasets\saurabhbagchi\deepfake-image-detection\versions\2\train-20250112T065955Z-001\train\real\5213.jpg,0,real
C:\Users\shash\.cache\kagglehub\datasets\saurabhbagchi\deepfake-image-detection\versions\2\train-20250112T065955Z-001\train\real\5234.jpg,0,real
C:\Users\shash\.cache\kagglehub\datasets\saurabhbagchi\deepfake-image-detection\versions\2\train-20250112T065955Z-001\train\real\5424.jpg,0,real
C:\Users\shash\.cache\kagglehub\datasets\saurabhbagchi\deepfake-image-detection\versions\2\train-20250112T065955Z-001\train\real\5393.jpg,0,real
C:\Users\shash\.cache\kagglehub\datasets\saurabhbagchi\deepfake-image-detection\versions\2\train-20250112T065955Z-001\train\real\5265.jpg,0,real
C:\Users\shash\.cache\kagglehub\datasets\saurabhbagchi\deepfake-image-detection\versions\2\train-20250112T065955Z-001\train\real\5169.jpg,0,real
C:\Users\shash\.cache\kagglehub\datasets\saurabhbagchi\deepfake-image-detection\versions\2\train-20250112T065955Z-001\train\real\5198.jpg,0,real
C:\Users\shash\.cache\kagglehub\datasets\saurabhbagchi\deepfake-image-detection\versions\2\train-20250112T065955Z-001\train\fake\129.jpg,1,fake
C:\Users\shash\.cache\kagglehub\datasets\saurabhbagchi\deepfake-image-detection\versions\2\train-20250112T065955Z-001\train\real\5172.jpg,0,real
C:\Users\shash\.cache\kagglehub\datasets\saurabhbagchi\deepfake-image-detection\versions\2\train-20250112T065955Z-001\train\real\5281.jpg,0,real
C:\Users\shash\.cache\kagglehub\datasets\saurabhbagchi\deepfake-image-detection\versions\2\train-20250112T065955Z-001\train\real\5292.jpg,0,real
C:\Users\shash\.cache\kagglehub\datasets\saurabhbagchi\deepfake-image-detection\versions\2\train-20250112T065955Z-001\train\fake\130.jpg,1,fake
C:\Users\shash\.cache\kagglehub\datasets\saurabhbagchi\deepfake-image-detection\versions\2\train-20250112T065955Z-001\train\real\5127.jpg,0,real
C:\Users\shash\.cache\kagglehub\datasets\saurabhbagchi\deepfake-image-detection\versions\2\train-20250112T065955Z-001\train\real\5365.jpg,0,real
C:\Users\shash\.cache\kagglehub\datasets\saurabhbagchi\deepfake-image-detection\versions\2\train-20250112T065955Z-001\train\real\5232.jpg,0,real
C:\Users\shash\.cache\kagglehub\datasets\saurabhbagchi\deepfake-image-detection\versions\2\train-20250112T065955Z-001\train\real\5124.jpg,0,real
C:\Users\shash\.cache\kagglehub\datasets\saurabhbagchi\deepfake-image-detection\versions\2\train-20250112T065955Z-001\train\real\5296.jpg,0,real
C:\Users\shash\.cache\kagglehub\datasets\saurabhbagchi\deepfake-image-detection\versions\2\train-20250112T065955Z-001\train\fake\139.jpg,1,fake
C:\Users\shash\.cache\kagglehub\datasets\saurabhbagchi\deepfake-image-detection\versions\2\train-20250112T065955Z-001\train\real\5196.jpg,0,real
C:\Users\shash\.cache\kagglehub\datasets\saurabhbagchi\deepfake-image-detection\versions\2\train-20250112T065955Z-001\train\fake\149.jpg,1,fake
C:\Users\shash\.cache\kagglehub\datasets\saurabhbagchi\deepfake-image-detection\versions\2\train-20250112T065955Z-001\train\real\5425.jpg,0,real
C:\Users\shash\.cache\kagglehub\datasets\saurabhbagchi\deepfake-image-detection\versions\2\train-20250112T065955Z-001\train\fake\157.jpg,1,fake
C:\Users\shash\.cache\kagglehub\datasets\saurabhbagchi\deepfake-image-detection\versions\2\train-20250112T065955Z-001\train\real\5129.jpg,0,real
C:\Users\shash\.cache\kagglehub\datasets\saurabhbagchi\deepfake-image-detection\versions\2\train-20250112T065955Z-001\train\real\5277.jpg,0,real
C:\Users\shash\.cache\kagglehub\datasets\saurabhbagchi\deepfake-image-detection\versions\2\train-20250112T065955Z-001\train\real\5327.jpg,0,real
C:\Users\shash\.cache\kagglehub\datasets\saurabhbagchi\deepfake-image-detection\versions\2\train-20250112T065955Z-001\train\fake\180.jpg,1,fake
C:\Users\shash\.cache\kagglehub\datasets\saurabhbagchi\deepfake-image-detection\versions\2\train-20250112T065955Z-001\train\fake\148.jpg,1,fake
C:\Users\shash\.cache\kagglehub\datasets\saurabhbagchi\deepfake-image-detection\versions\2\train-20250112T065955Z-001\train\real\5377.jpg,0,real
C:\Users\shash\.cache\kagglehub\datasets\saurabhbagchi\deepfake-image-detection\versions\2\train-20250112T065955Z-001\train\real\5179.jpg,0,real
C:\Users\shash\.cache\kagglehub\datasets\saurabhbagchi\deepfake-image-detection\versions\2\train-20250112T065955Z-001\train\real\5166.jpg,0,real
C:\Users\shash\.cache\kagglehub\datasets\saurabhbagchi\deepfake-image-detection\versions\2\train-20250112T065955Z-001\train\real\5221.jpg,0,real
C:\Users\shash\.cache\kagglehub\datasets\saurabhbagchi\deepfake-image-detection\versions\2\train-20250112T065955Z-001\train\real\5391.jpg,0,real
C:\Users\shash\.cache\kagglehub\datasets\saurabhbagchi\deepfake-image-detection\versions\2\train-20250112T065955Z-001\train\real\5193.jpg,0,real
C:\Users\shash\.cache\kagglehub\datasets\saurabhbagchi\deepfake-image-detection\versions\2\train-20250112T065955Z-001\train\real\5369.jpg,0,real
C:\Users\shash\.cache\kagglehub\datasets\saurabhbagchi\deepfake-image-detection\versions\2\train-20250112T065955Z-001\train\real\5177.jpg,0,real
C:\Users\shash\.cache\kagglehub\datasets\saurabhbagchi\deepfake-image-detection\versions\2\train-20250112T065955Z-001\train\fake\133.jpg,1,fake
C:\Users\shash\.cache\kagglehub\datasets\saurabhbagchi\deepfake-image-detection\versions\2\train-20250112T065955Z-001\train\fake\537.jpg,1,fake
C:\Users\shash\.cache\kagglehub\datasets\saurabhbagchi\deepfake-image-detection\versions\2\train-20250112T065955Z-001\train\real\5431.jpg,0,real
C:\Users\shash\.cache\kagglehub\datasets\saurabhbagchi\deepfake-image-detection\versions\2\train-20250112T065955Z-001\train\real\5125.jpg,0,real
C:\Users\shash\.cache\kagglehub\datasets\saurabhbagchi\deepfake-image-detection\versions\2\train-20250112T065955Z-001\train\fake\527.jpg,1,fake
C:\Users\shash\.cache\kagglehub\datasets\saurabhbagchi\deepfake-image-detection\versions\2\train-20250112T065955Z-001\train\real\5325.jpg,0,real
C:\Users\shash\.cache\kagglehub\datasets\saurabhbagchi\deepfake-image-detection\versions\2\train-20250112T065955Z-001\train\real\5254.jpg,0,real
C:\Users\shash\.cache\kagglehub\datasets\saurabhbagchi\deepfake-image-detection\versions\2\train-20250112T065955Z-001\train\real\5356.jpg,0,real
C:\Users\shash\.cache\kagglehub\datasets\saurabhbagchi\deepfake-image-detection\versions\2\train-20250112T065955Z-001\train\real\5174.jpg,0,real
C:\Users\shash\.cache\kagglehub\datasets\saurabhbagchi\deepfake-image-detection\versions\2\train-20250112T065955Z-001\train\real\5275.jpg,0,real
C:\Users\shash\.cache\kagglehub\datasets\saurabhbagchi\deepfake-image-detection\versions\2\train-20250112T065955Z-001\train\fake\235.jpg,1,fake
C:\Users\shash\.cache\kagglehub\datasets\saurabhbagchi\deepfake-image-detection\versions\2\train-20250112T065955Z-001\train\real\5178.jpg,0,real
C:\Users\shash\.cache\kagglehub\datasets\saurabhbagchi\deepfake-image-detection\versions\2\train-20250112T065955Z-001\train\real\5408.jpg,0,real
C:\Users\shash\.cache\kagglehub\datasets\saurabhbagchi\deepfake-image-detection\versions\2\train-20250112T065955Z-001\train\real\5392.jpg,0,real
C:\Users\shash\.cache\kagglehub\datasets\saurabhbagchi\deepfake-image-detection\versions\2\train-20250112T065955Z-001\train\fake\194.jpg,1,fake
C:\Users\shash\.cache\kagglehub\datasets\saurabhbagchi\deepfake-image-detection\versions\2\train-20250112T065955Z-001\train\real\5251.jpg,0,real
C:\Users\shash\.cache\kagglehub\datasets\saurabhbagchi\deepfake-image-detection\versions\2\train-20250112T065955Z-001\train\real\5223.jpg,0,real
C:\Users\shash\.cache\kagglehub\datasets\saurabhbagchi\deepfake-image-detection\versions\2\train-20250112T065955Z-001\train\real\5402.jpg,0,real
C:\Users\shash\.cache\kagglehub\datasets\saurabhbagchi\deepfake-image-detection\versions\2\train-20250112T065955Z-001\train\fake\132.jpg,1,fake
C:\Users\shash\.cache\kagglehub\datasets\saurabhbagchi\deepfake-image-detection\versions\2\train-20250112T065955Z-001\train\real\5218.jpg,0,real
C:\Users\shash\.cache\kagglehub\datasets\saurabhbagchi\deepfake-image-detection\versions\2\train-20250112T065955Z-001\train\real\5220.jpg,0,real
C:\Users\shash\.cache\kagglehub\datasets\saurabhbagchi\deepfake-image-detection\versions\2\train-20250112T065955Z-001\train\fake\236.jpg,1,fake
C:\Users\shash\.cache\kagglehub\datasets\saurabhbagchi\deepfake-image-detection\versions\2\train-20250112T065955Z-001\train\real\5311.jpg,0,real
C:\Users\shash\.cache\kagglehub\datasets\saurabhbagchi\deepfake-image-detection\versions\2\train-20250112T065955Z-001\train\fake\193.jpg,1,fake
C:\Users\shash\.cache\kagglehub\datasets\saurabhbagchi\deepfake-image-detection\versions\2\train-20250112T065955Z-001\train\real\5426.jpg,0,real
C:\Users\shash\.cache\kagglehub\datasets\saurabhbagchi\deepfake-image-detection\versions\2\train-20250112T065955Z-001\train\fake\525.jpg,1,fake
C:\Users\shash\.cache\kagglehub\datasets\saurabhbagchi\deepfake-image-detection\versions\2\train-20250112T065955Z-001\train\real\5355.jpg,0,real
C:\Users\shash\.cache\kagglehub\datasets\saurabhbagchi\deepfake-image-detection\versions\2\train-20250112T065955Z-001\train\real\5132.jpg,0,real
C:\Users\shash\.cache\kagglehub\datasets\saurabhbagchi\deepfake-image-detection\versions\2\train-20250112T065955Z-001\train\fake\538.jpg,1,fake
C:\Users\shash\.cache\kagglehub\datasets\saurabhbagchi\deepfake-image-detection\versions\2\train-20250112T065955Z-001\train\fake\225.jpg,1,fake
C:\Users\shash\.cache\kagglehub\datasets\saurabhbagchi\deepfake-image-detection\versions\2\train-20250112T065955Z-001\train\real\5163.jpg,0,real
C:\Users\shash\.cache\kagglehub\datasets\saurabhbagchi\deepfake-image-detection\versions\2\train-20250112T065955Z-001\train\real\5404.jpg,0,real
C:\Users\shash\.cache\kagglehub\datasets\saurabhbagchi\deepfake-image-detection\versions\2\train-20250112T065955Z-001\train\fake\165.jpg,1,fake
C:\Users\shash\.cache\kagglehub\datasets\saurabhbagchi\deepfake-image-detection\versions\2\train-20250112T065955Z-001\train\real\5159.jpg,0,real
C:\Users\shash\.cache\kagglehub\datasets\saurabhbagchi\deepfake-image-detection\versions\2\train-20250112T065955Z-001\train\fake\172.jpg,1,fake
C:\Users\shash\.cache\kagglehub\datasets\saurabhbagchi\deepfake-image-detection\versions\2\train-20250112T065955Z-001\train\real\5210.jpg,0,real
C:\Users\shash\.cache\kagglehub\datasets\saurabhbagchi\deepfake-image-detection\versions\2\train-20250112T065955Z-001\train\real\5185.jpg,0,real
C:\Users\shash\.cache\kagglehub\datasets\saurabhbagchi\deepfake-image-detection\versions\2\train-20250112T065955Z-001\train\real\5154.jpg,0,real
C:\Users\shash\.cache\kagglehub\datasets\saurabhbagchi\deepfake-image-detection\versions\2\train-20250112T065955Z-001\train\real\5155.jpg,0,real
C:\Users\shash\.cache\kagglehub\datasets\saurabhbagchi\deepfake-image-detection\versions\2\train-20250112T065955Z-001\train\fake\151.jpg,1,fake
C:\Users\shash\.cache\kagglehub\datasets\saurabhbagchi\deepfake-image-detection\versions\2\train-20250112T065955Z-001\train\real\5167.jpg,0,real
C:\Users\shash\.cache\kagglehub\datasets\saurabhbagchi\deepfake-image-detection\versions\2\train-20250112T065955Z-001\train\real\5340.jpg,0,real
C:\Users\shash\.cache\kagglehub\datasets\saurabhbagchi\deepfake-image-detection\versions\2\train-20250112T065955Z-001\train\real\5114.jpg,0,real
C:\Users\shash\.cache\kagglehub\datasets\saurabhbagchi\deepfake-image-detection\versions\2\train-20250112T065955Z-001\train\real\5266.jpg,0,real
C:\Users\shash\.cache\kagglehub\datasets\saurabhbagchi\deepfake-image-detection\versions\2\train-20250112T065955Z-001\train\fake\170.jpg,1,fake
C:\Users\shash\.cache\kagglehub\datasets\saurabhbagchi\deepfake-image-detection\versions\2\train-20250112T065955Z-001\train\fake\176.jpg,1,fake
C:\Users\shash\.cache\kagglehub\datasets\saurabhbagchi\deepfake-image-detection\versions\2\train-20250112T065955Z-001\train\real\5341.jpg,0,real
C:\Users\shash\.cache\kagglehub\datasets\saurabhbagchi\deepfake-image-detection\versions\2\train-20250112T065955Z-001\train\fake\163.jpg,1,fake
C:\Users\shash\.cache\kagglehub\datasets\saurabhbagchi\deepfake-image-detection\versions\2\train-20250112T065955Z-001\train\real\5326.jpg,0,real
C:\Users\shash\.cache\kagglehub\datasets\saurabhbagchi\deepfake-image-detection\versions\2\train-20250112T065955Z-001\train\real\5289.jpg,0,real
C:\Users\shash\.cache\kagglehub\datasets\saurabhbagchi\deepfake-image-detection\versions\2\train-20250112T065955Z-001\train\real\5150.jpg,0,real
C:\Users\shash\.cache\kagglehub\datasets\saurabhbagchi\deepfake-image-detection\versions\2\train-20250112T065955Z-001\train\fake\234.jpg,1,fake
C:\Users\shash\.cache\kagglehub\datasets\saurabhbagchi\deepfake-image-detection\versions\2\train-20250112T065955Z-001\train\fake\517.jpg,1,fake
C:\Users\shash\.cache\kagglehub\datasets\saurabhbagchi\deepfake-image-detection\versions\2\train-20250112T065955Z-001\train\fake\144.jpg,1,fake
C:\Users\shash\.cache\kagglehub\datasets\saurabhbagchi\deepfake-image-detection\versions\2\train-20250112T065955Z-001\train\fake\250.jpg,1,fake
C:\Users\shash\.cache\kagglehub\datasets\saurabhbagchi\deepfake-image-detection\versions\2\train-20250112T065955Z-001\train\real\5192.jpg,0,real
C:\Users\shash\.cache\kagglehub\datasets\saurabhbagchi\deepfake-image-detection\versions\2\train-20250112T065955Z-001\train\fake\210.jpg,1,fake
C:\Users\shash\.cache\kagglehub\datasets\saurabhbagchi\deepfake-image-detection\versions\2\train-20250112T065955Z-001\train\fake\223.jpg,1,fake
C:\Users\shash\.cache\kagglehub\datasets\saurabhbagchi\deepfake-image-detection\versions\2\train-20250112T065955Z-001\train\real\5433.jpg,0,real
C:\Users\shash\.cache\kagglehub\datasets\saurabhbagchi\deepfake-image-detection\versions\2\train-20250112T065955Z-001\train\fake\249.jpg,1,fake
C:\Users\shash\.cache\kagglehub\datasets\saurabhbagchi\deepfake-image-detection\versions\2\train-20250112T065955Z-001\train\real\5243.jpg,0,real
C:\Users\shash\.cache\kagglehub\datasets\saurabhbagchi\deepfake-image-detection\versions\2\train-20250112T065955Z-001\train\fake\191.jpg,1,fake
C:\Users\shash\.cache\kagglehub\datasets\saurabhbagchi\deepfake-image-detection\versions\2\train-20250112T065955Z-001\train\real\5110.jpg,0,real
C:\Users\shash\.cache\kagglehub\datasets\saurabhbagchi\deepfake-image-detection\versions\2\train-20250112T065955Z-001\train\real\5413.jpg,0,real
C:\Users\shash\.cache\kagglehub\datasets\saurabhbagchi\deepfake-image-detection\versions\2\train-20250112T065955Z-001\train\fake\519.jpg,1,fake
C:\Users\shash\.cache\kagglehub\datasets\saurabhbagchi\deepfake-image-detection\versions\2\train-20250112T065955Z-001\train\real\5293.jpg,0,real
C:\Users\shash\.cache\kagglehub\datasets\saurabhbagchi\deepfake-image-detection\versions\2\train-20250112T065955Z-001\train\fake\157(1).jpg,1,fake
C:\Users\shash\.cache\kagglehub\datasets\saurabhbagchi\deepfake-image-detection\versions\2\train-20250112T065955Z-001\train\real\5347.jpg,0,real
C:\Users\shash\.cache\kagglehub\datasets\saurabhbagchi\deepfake-image-detection\versions\2\train-20250112T065955Z-001\train\real\5295.jpg,0,real
C:\Users\shash\.cache\kagglehub\datasets\saurabhbagchi\deepfake-image-detection\versions\2\train-20250112T065955Z-001\train\real\5335.jpg,0,real
C:\Users\shash\.cache\kagglehub\datasets\saurabhbagchi\deepfake-image-detection\versions\2\train-20250112T065955Z-001\train\fake\169.jpg,1,fake
C:\Users\shash\.cache\kagglehub\datasets\saurabhbagchi\deepfake-image-detection\versions\2\train-20250112T065955Z-001\train\real\5376.jpg,0,real
C:\Users\shash\.cache\kagglehub\datasets\saurabhbagchi\deepfake-image-detection\versions\2\train-20250112T065955Z-001\train\real\5263.jpg,0,real
C:\Users\shash\.cache\kagglehub\datasets\saurabhbagchi\deepfake-image-detection\versions\2\train-20250112T065955Z-001\train\real\5237.jpg,0,real
C:\Users\shash\.cache\kagglehub\datasets\saurabhbagchi\deepfake-image-detection\versions\2\train-20250112T065955Z-001\train\real\5142.jpg,0,real
C:\Users\shash\.cache\kagglehub\datasets\saurabhbagchi\deepfake-image-detection\versions\2\train-20250112T065955Z-001\train\real\5357.jpg,0,real
C:\Users\shash\.cache\kagglehub\datasets\saurabhbagchi\deepfake-image-detection\versions\2\train-20250112T065955Z-001\train\real\5315.jpg,0,real
C:\Users\shash\.cache\kagglehub\datasets\saurabhbagchi\deepfake-image-detection\versions\2\train-20250112T065955Z-001\train\real\5352.jpg,0,real
C:\Users\shash\.cache\kagglehub\datasets\saurabhbagchi\deepfake-image-detection\versions\2\train-20250112T065955Z-001\train\real\5252.jpg,0,real
C:\Users\shash\.cache\kagglehub\datasets\saurabhbagchi\deepfake-image-detection\versions\2\train-20250112T065955Z-001\train\real\5267.jpg,0,real
C:\Users\shash\.cache\kagglehub\datasets\saurabhbagchi\deepfake-image-detection\versions\2\train-20250112T065955Z-001\train\real\5176.jpg,0,real
C:\Users\shash\.cache\kagglehub\datasets\saurabhbagchi\deepfake-image-detection\versions\2\train-20250112T065955Z-001\train\real\5137.jpg,0,real
C:\Users\shash\.cache\kagglehub\datasets\saurabhbagchi\deepfake-image-detection\versions\2\train-20250112T065955Z-001\train\fake\182.jpg,1,fake
C:\Users\shash\.cache\kagglehub\datasets\saurabhbagchi\deepfake-image-detection\versions\2\train-20250112T065955Z-001\train\fake\216.jpg,1,fake
C:\Users\shash\.cache\kagglehub\datasets\saurabhbagchi\deepfake-image-detection\versions\2\train-20250112T065955Z-001\train\real\5245.jpg,0,real
C:\Users\shash\.cache\kagglehub\datasets\saurabhbagchi\deepfake-image-detection\versions\2\train-20250112T065955Z-001\train\real\5288.jpg,0,real
C:\Users\shash\.cache\kagglehub\datasets\saurabhbagchi\deepfake-image-detection\versions\2\train-20250112T065955Z-001\train\real\5294.jpg,0,real
C:\Users\shash\.cache\kagglehub\datasets\saurabhbagchi\deepfake-image-detection\versions\2\train-20250112T065955Z-001\train\fake\218.jpg,1,fake
C:\Users\shash\.cache\kagglehub\datasets\saurabhbagchi\deepfake-image-detection\versions\2\train-20250112T065955Z-001\train\fake\528.jpg,1,fake
C:\Users\shash\.cache\kagglehub\datasets\saurabhbagchi\deepfake-image-detection\versions\2\train-20250112T065955Z-001\train\real\5256.jpg,0,real
C:\Users\shash\.cache\kagglehub\datasets\saurabhbagchi\deepfake-image-detection\versions\2\train-20250112T065955Z-001\train\fake\524.jpg,1,fake
C:\Users\shash\.cache\kagglehub\datasets\saurabhbagchi\deepfake-image-detection\versions\2\train-20250112T065955Z-001\train\real\5235.jpg,0,real
C:\Users\shash\.cache\kagglehub\datasets\saurabhbagchi\deepfake-image-detection\versions\2\train-20250112T065955Z-001\train\fake\242.jpg,1,fake
C:\Users\shash\.cache\kagglehub\datasets\saurabhbagchi\deepfake-image-detection\versions\2\train-20250112T065955Z-001\train\fake\205.jpg,1,fake
C:\Users\shash\.cache\kagglehub\datasets\saurabhbagchi\deepfake-image-detection\versions\2\train-20250112T065955Z-001\train\real\5225.jpg,0,real
C:\Users\shash\.cache\kagglehub\datasets\saurabhbagchi\deepfake-image-detection\versions\2\train-20250112T065955Z-001\train\real\5360.jpg,0,real
C:\Users\shash\.cache\kagglehub\datasets\saurabhbagchi\deepfake-image-detection\versions\2\train-20250112T065955Z-001\train\real\5175.jpg,0,real
C:\Users\shash\.cache\kagglehub\datasets\saurabhbagchi\deepfake-image-detection\versions\2\train-20250112T065955Z-001\train\real\5262.jpg,0,real
C:\Users\shash\.cache\kagglehub\datasets\saurabhbagchi\deepfake-image-detection\versions\2\train-20250112T065955Z-001\train\real\5429.jpg,0,real
C:\Users\shash\.cache\kagglehub\datasets\saurabhbagchi\deepfake-image-detection\versions\2\train-20250112T065955Z-001\train\real\5239.jpg,0,real
C:\Users\shash\.cache\kagglehub\datasets\saurabhbagchi\deepfake-image-detection\versions\2\train-20250112T065955Z-001\train\fake\511.jpg,1,fake
C:\Users\shash\.cache\kagglehub\datasets\saurabhbagchi\deepfake-image-detection\versions\2\train-20250112T065955Z-001\train\fake\213.jpg,1,fake
C:\Users\shash\.cache\kagglehub\datasets\saurabhbagchi\deepfake-image-detection\versions\2\train-20250112T065955Z-001\train\real\5236.jpg,0,real
C:\Users\shash\.cache\kagglehub\datasets\saurabhbagchi\deepfake-image-detection\versions\2\train-20250112T065955Z-001\train\real\5157.jpg,0,real
C:\Users\shash\.cache\kagglehub\datasets\saurabhbagchi\deepfake-image-detection\versions\2\train-20250112T065955Z-001\train\real\5271.jpg,0,real
C:\Users\shash\.cache\kagglehub\datasets\saurabhbagchi\deepfake-image-detection\versions\2\train-20250112T065955Z-001\train\fake\174.jpg,1,fake
C:\Users\shash\.cache\kagglehub\datasets\saurabhbagchi\deepfake-image-detection\versions\2\train-20250112T065955Z-001\train\real\5230.jpg,0,real
C:\Users\shash\.cache\kagglehub\datasets\saurabhbagchi\deepfake-image-detection\versions\2\train-20250112T065955Z-001\train\real\5143.jpg,0,real
C:\Users\shash\.cache\kagglehub\datasets\saurabhbagchi\deepfake-image-detection\versions\2\train-20250112T065955Z-001\train\real\5149.jpg,0,real
C:\Users\shash\.cache\kagglehub\datasets\saurabhbagchi\deepfake-image-detection\versions\2\train-20250112T065955Z-001\train\fake\248.jpg,1,fake
C:\Users\shash\.cache\kagglehub\datasets\saurabhbagchi\deepfake-image-detection\versions\2\train-20250112T065955Z-001\train\real\5282.jpg,0,real
C:\Users\shash\.cache\kagglehub\datasets\saurabhbagchi\deepfake-image-detection\versions\2\train-20250112T065955Z-001\train\real\5422.jpg,0,real
C:\Users\shash\.cache\kagglehub\datasets\saurabhbagchi\deepfake-image-detection\versions\2\train-20250112T065955Z-001\train\real\5269.jpg,0,real
C:\Users\shash\.cache\kagglehub\datasets\saurabhbagchi\deepfake-image-detection\versions\2\train-20250112T065955Z-001\train\fake\131.jpg,1,fake
C:\Users\shash\.cache\kagglehub\datasets\saurabhbagchi\deepfake-image-detection\versions\2\train-20250112T065955Z-001\train\fake\159(1).jpg,1,fake
C:\Users\shash\.cache\kagglehub\datasets\saurabhbagchi\deepfake-image-detection\versions\2\train-20250112T065955Z-001\train\real\5312.jpg,0,real
C:\Users\shash\.cache\kagglehub\datasets\saurabhbagchi\deepfake-image-detection\versions\2\train-20250112T065955Z-001\train\real\5122.jpg,0,real
C:\Users\shash\.cache\kagglehub\datasets\saurabhbagchi\deepfake-image-detection\versions\2\train-20250112T065955Z-001\train\fake\523.jpg,1,fake
C:\Users\shash\.cache\kagglehub\datasets\saurabhbagchi\deepfake-image-detection\versions\2\train-20250112T065955Z-001\train\real\5354.jpg,0,real
C:\Users\shash\.cache\kagglehub\datasets\saurabhbagchi\deepfake-image-detection\versions\2\train-20250112T065955Z-001\train\real\5407.jpg,0,real
C:\Users\shash\.cache\kagglehub\datasets\saurabhbagchi\deepfake-image-detection\versions\2\train-20250112T065955Z-001\train\real\5346.jpg,0,real
C:\Users\shash\.cache\kagglehub\datasets\saurabhbagchi\deepfake-image-detection\versions\2\train-20250112T065955Z-001\train\real\5126.jpg,0,real
C:\Users\shash\.cache\kagglehub\datasets\saurabhbagchi\deepfake-image-detection\versions\2\train-20250112T065955Z-001\train\real\5206.jpg,0,real
C:\Users\shash\.cache\kagglehub\datasets\saurabhbagchi\deepfake-image-detection\versions\2\train-20250112T065955Z-001\train\real\5241.jpg,0,real
C:\Users\shash\.cache\kagglehub\datasets\saurabhbagchi\deepfake-image-detection\versions\2\train-20250112T065955Z-001\train\fake\197.jpg,1,fake
C:\Users\shash\.cache\kagglehub\datasets\saurabhbagchi\deepfake-image-detection\versions\2\train-20250112T065955Z-001\train\real\5314.jpg,0,real
C:\Users\shash\.cache\kagglehub\datasets\saurabhbagchi\deepfake-image-detection\versions\2\train-20250112T065955Z-001\train\real\5416.jpg,0,real
C:\Users\shash\.cache\kagglehub\datasets\saurabhbagchi\deepfake-image-detection\versions\2\train-20250112T065955Z-001\train\fake\146.jpg,1,fake
C:\Users\shash\.cache\kagglehub\datasets\saurabhbagchi\deepfake-image-detection\versions\2\train-20250112T065955Z-001\train\real\5338.jpg,0,real
C:\Users\shash\.cache\kagglehub\datasets\saurabhbagchi\deepfake-image-detection\versions\2\train-20250112T065955Z-001\train\real\5205.jpg,0,real
C:\Users\shash\.cache\kagglehub\datasets\saurabhbagchi\deepfake-image-detection\versions\2\train-20250112T065955Z-001\train\real\5378.jpg,0,real
C:\Users\shash\.cache\kagglehub\datasets\saurabhbagchi\deepfake-image-detection\versions\2\train-20250112T065955Z-001\train\real\5287.jpg,0,real
C:\Users\shash\.cache\kagglehub\datasets\saurabhbagchi\deepfake-image-detection\versions\2\train-20250112T065955Z-001\train\real\5318.jpg,0,real
C:\Users\shash\.cache\kagglehub\datasets\saurabhbagchi\deepfake-image-detection\versions\2\train-20250112T065955Z-001\train\real\5128.jpg,0,real
C:\Users\shash\.cache\kagglehub\datasets\saurabhbagchi\deepfake-image-detection\versions\2\train-20250112T065955Z-001\train\real\5119.jpg,0,real
C:\Users\shash\.cache\kagglehub\datasets\saurabhbagchi\deepfake-image-detection\versions\2\train-20250112T065955Z-001\train\real\5373.jpg,0,real
C:\Users\shash\.cache\kagglehub\datasets\saurabhbagchi\deepfake-image-detection\versions\2\train-20250112T065955Z-001\train\real\5187.jpg,0,real
C:\Users\shash\.cache\kagglehub\datasets\saurabhbagchi\deepfake-image-detection\versions\2\train-20250112T065955Z-001\train\real\5361.jpg,0,real
C:\Users\shash\.cache\kagglehub\datasets\saurabhbagchi\deepfake-image-detection\versions\2\train-20250112T065955Z-001\train\real\5253.jpg,0,real
C:\Users\shash\.cache\kagglehub\datasets\saurabhbagchi\deepfake-image-detection\versions\2\train-20250112T065955Z-001\train\real\5226.jpg,0,real
C:\Users\shash\.cache\kagglehub\datasets\saurabhbagchi\deepfake-image-detection\versions\2\train-20250112T065955Z-001\train\fake\209.jpg,1,fake
C:\Users\shash\.cache\kagglehub\datasets\saurabhbagchi\deepfake-image-detection\versions\2\train-20250112T065955Z-001\train\real\5248.jpg,0,real
C:\Users\shash\.cache\kagglehub\datasets\saurabhbagchi\deepfake-image-detection\versions\2\train-20250112T065955Z-001\train\real\5330.jpg,0,real
C:\Users\shash\.cache\kagglehub\datasets\saurabhbagchi\deepfake-image-detection\versions\2\train-20250112T065955Z-001\train\fake\521.jpg,1,fake
C:\Users\shash\.cache\kagglehub\datasets\saurabhbagchi\deepfake-image-detection\versions\2\train-20250112T065955Z-001\train\fake\203.jpg,1,fake
C:\Users\shash\.cache\kagglehub\datasets\saurabhbagchi\deepfake-image-detection\versions\2\train-20250112T065955Z-001\train\real\5156.jpg,0,real
C:\Users\shash\.cache\kagglehub\datasets\saurabhbagchi\deepfake-image-detection\versions\2\train-20250112T065955Z-001\train\fake\162.jpg,1,fake
C:\Users\shash\.cache\kagglehub\datasets\saurabhbagchi\deepfake-image-detection\versions\2\train-20250112T065955Z-001\train\real\5359.jpg,0,real
C:\Users\shash\.cache\kagglehub\datasets\saurabhbagchi\deepfake-image-detection\versions\2\train-20250112T065955Z-001\train\real\5303.jpg,0,real
C:\Users\shash\.cache\kagglehub\datasets\saurabhbagchi\deepfake-image-detection\versions\2\train-20250112T065955Z-001\train\fake\529.jpg,1,fake
C:\Users\shash\.cache\kagglehub\datasets\saurabhbagchi\deepfake-image-detection\versions\2\train-20250112T065955Z-001\train\fake\175.jpg,1,fake
C:\Users\shash\.cache\kagglehub\datasets\saurabhbagchi\deepfake-image-detection\versions\2\train-20250112T065955Z-001\train\real\5401.jpg,0,real
C:\Users\shash\.cache\kagglehub\datasets\saurabhbagchi\deepfake-image-detection\versions\2\train-20250112T065955Z-001\train\real\5329.jpg,0,real
C:\Users\shash\.cache\kagglehub\datasets\saurabhbagchi\deepfake-image-detection\versions\2\train-20250112T065955Z-001\train\real\5188.jpg,0,real
C:\Users\shash\.cache\kagglehub\datasets\saurabhbagchi\deepfake-image-detection\versions\2\train-20250112T065955Z-001\train\real\5144.jpg,0,real
C:\Users\shash\.cache\kagglehub\datasets\saurabhbagchi\deepfake-image-detection\versions\2\train-20250112T065955Z-001\train\real\5207.jpg,0,real
C:\Users\shash\.cache\kagglehub\datasets\saurabhbagchi\deepfake-image-detection\versions\2\train-20250112T065955Z-001\train\fake\233.jpg,1,fake
C:\Users\shash\.cache\kagglehub\datasets\saurabhbagchi\deepfake-image-detection\versions\2\train-20250112T065955Z-001\train\fake\188.jpg,1,fake
C:\Users\shash\.cache\kagglehub\datasets\saurabhbagchi\deepfake-image-detection\versions\2\train-20250112T065955Z-001\train\real\5421.jpg,0,real
C:\Users\shash\.cache\kagglehub\datasets\saurabhbagchi\deepfake-image-detection\versions\2\train-20250112T065955Z-001\train\fake\160.jpg,1,fake
C:\Users\shash\.cache\kagglehub\datasets\saurabhbagchi\deepfake-image-detection\versions\2\train-20250112T065955Z-001\train\real\5272.jpg,0,real
C:\Users\shash\.cache\kagglehub\datasets\saurabhbagchi\deepfake-image-detection\versions\2\train-20250112T065955Z-001\train\fake\526.jpg,1,fake
C:\Users\shash\.cache\kagglehub\datasets\saurabhbagchi\deepfake-image-detection\versions\2\train-20250112T065955Z-001\train\real\5224.jpg,0,real
C:\Users\shash\.cache\kagglehub\datasets\saurabhbagchi\deepfake-image-detection\versions\2\train-20250112T065955Z-001\train\real\5113.jpg,0,real
C:\Users\shash\.cache\kagglehub\datasets\saurabhbagchi\deepfake-image-detection\versions\2\train-20250112T065955Z-001\train\real\5334.jpg,0,real
C:\Users\shash\.cache\kagglehub\datasets\saurabhbagchi\deepfake-image-detection\versions\2\train-20250112T065955Z-001\train\real\5170.jpg,0,real
C:\Users\shash\.cache\kagglehub\datasets\saurabhbagchi\deepfake-image-detection\versions\2\train-20250112T065955Z-001\train\real\5368.jpg,0,real
C:\Users\shash\.cache\kagglehub\datasets\saurabhbagchi\deepfake-image-detection\versions\2\train-20250112T065955Z-001\train\real\5268.jpg,0,real
C:\Users\shash\.cache\kagglehub\datasets\saurabhbagchi\deepfake-image-detection\versions\2\train-20250112T065955Z-001\train\real\5291.jpg,0,real
C:\Users\shash\.cache\kagglehub\datasets\saurabhbagchi\deepfake-image-detection\versions\2\train-20250112T065955Z-001\train\fake\140.jpg,1,fake
C:\Users\shash\.cache\kagglehub\datasets\saurabhbagchi\deepfake-image-detection\versions\2\train-20250112T065955Z-001\train\fake\181.jpg,1,fake
C:\Users\shash\.cache\kagglehub\datasets\saurabhbagchi\deepfake-image-detection\versions\2\train-20250112T065955Z-001\train\real\5331.jpg,0,real
C:\Users\shash\.cache\kagglehub\datasets\saurabhbagchi\deepfake-image-detection\versions\2\train-20250112T065955Z-001\train\real\5202.jpg,0,real
C:\Users\shash\.cache\kagglehub\datasets\saurabhbagchi\deepfake-image-detection\versions\2\train-20250112T065955Z-001\train\real\5363.jpg,0,real
C:\Users\shash\.cache\kagglehub\datasets\saurabhbagchi\deepfake-image-detection\versions\2\train-20250112T065955Z-001\train\real\5189.jpg,0,real
C:\Users\shash\.cache\kagglehub\datasets\saurabhbagchi\deepfake-image-detection\versions\2\train-20250112T065955Z-001\train\fake\166.jpg,1,fake
C:\Users\shash\.cache\kagglehub\datasets\saurabhbagchi\deepfake-image-detection\versions\2\train-20250112T065955Z-001\train\fake\238.jpg,1,fake
C:\Users\shash\.cache\kagglehub\datasets\saurabhbagchi\deepfake-image-detection\versions\2\train-20250112T065955Z-001\train\real\5382.jpg,0,real
C:\Users\shash\.cache\kagglehub\datasets\saurabhbagchi\deepfake-image-detection\versions\2\train-20250112T065955Z-001\train\real\5400.jpg,0,real
C:\Users\shash\.cache\kagglehub\datasets\saurabhbagchi\deepfake-image-detection\versions\2\train-20250112T065955Z-001\train\real\5211.jpg,0,real
C:\Users\shash\.cache\kagglehub\datasets\saurabhbagchi\deepfake-image-detection\versions\2\train-20250112T065955Z-001\train\fake\226.jpg,1,fake
C:\Users\shash\.cache\kagglehub\datasets\saurabhbagchi\deepfake-image-detection\versions\2\train-20250112T065955Z-001\train\real\5306.jpg,0,real
C:\Users\shash\.cache\kagglehub\datasets\saurabhbagchi\deepfake-image-detection\versions\2\train-20250112T065955Z-001\train\real\5153.jpg,0,real
C:\Users\shash\.cache\kagglehub\datasets\saurabhbagchi\deepfake-image-detection\versions\2\train-20250112T065955Z-001\train\real\5161.jpg,0,real
C:\Users\shash\.cache\kagglehub\datasets\saurabhbagchi\deepfake-image-detection\versions\2\train-20250112T065955Z-001\train\fake\247.jpg,1,fake
C:\Users\shash\.cache\kagglehub\datasets\saurabhbagchi\deepfake-image-detection\versions\2\train-20250112T065955Z-001\train\real\5141.jpg,0,real
C:\Users\shash\.cache\kagglehub\datasets\saurabhbagchi\deepfake-image-detection\versions\2\train-20250112T065955Z-001\train\real\5123.jpg,0,real
C:\Users\shash\.cache\kagglehub\datasets\saurabhbagchi\deepfake-image-detection\versions\2\train-20250112T065955Z-001\train\fake\240.jpg,1,fake
C:\Users\shash\.cache\kagglehub\datasets\saurabhbagchi\deepfake-image-detection\versions\2\train-20250112T065955Z-001\train\real\5415.jpg,0,real
C:\Users\shash\.cache\kagglehub\datasets\saurabhbagchi\deepfake-image-detection\versions\2\train-20250112T065955Z-001\train\fake\200.jpg,1,fake
C:\Users\shash\.cache\kagglehub\datasets\saurabhbagchi\deepfake-image-detection\versions\2\train-20250112T065955Z-001\train\real\5227.jpg,0,real
C:\Users\shash\.cache\kagglehub\datasets\saurabhbagchi\deepfake-image-detection\versions\2\train-20250112T065955Z-001\train\real\5118.jpg,0,real
C:\Users\shash\.cache\kagglehub\datasets\saurabhbagchi\deepfake-image-detection\versions\2\train-20250112T065955Z-001\train\real\5246.jpg,0,real
C:\Users\shash\.cache\kagglehub\datasets\saurabhbagchi\deepfake-image-detection\versions\2\train-20250112T065955Z-001\train\real\5389.jpg,0,real
C:\Users\shash\.cache\kagglehub\datasets\saurabhbagchi\deepfake-image-detection\versions\2\train-20250112T065955Z-001\train\real\5290.jpg,0,real
C:\Users\shash\.cache\kagglehub\datasets\saurabhbagchi\deepfake-image-detection\versions\2\train-20250112T065955Z-001\train\real\5233.jpg,0,real
C:\Users\shash\.cache\kagglehub\datasets\saurabhbagchi\deepfake-image-detection\versions\2\train-20250112T065955Z-001\train\fake\534.jpg,1,fake
C:\Users\shash\.cache\kagglehub\datasets\saurabhbagchi\deepfake-image-detection\versions\2\train-20250112T065955Z-001\train\real\5383.jpg,0,real
C:\Users\shash\.cache\kagglehub\datasets\saurabhbagchi\deepfake-image-detection\versions\2\train-20250112T065955Z-001\train\real\5222.jpg,0,real
C:\Users\shash\.cache\kagglehub\datasets\saurabhbagchi\deepfake-image-detection\versions\2\train-20250112T065955Z-001\train\fake\177.jpg,1,fake
C:\Users\shash\.cache\kagglehub\datasets\saurabhbagchi\deepfake-image-detection\versions\2\train-20250112T065955Z-001\train\real\5121.jpg,0,real
C:\Users\shash\.cache\kagglehub\datasets\saurabhbagchi\deepfake-image-detection\versions\2\train-20250112T065955Z-001\train\real\5350.jpg,0,real
C:\Users\shash\.cache\kagglehub\datasets\saurabhbagchi\deepfake-image-detection\versions\2\train-20250112T065955Z-001\train\real\5191.jpg,0,real
C:\Users\shash\.cache\kagglehub\datasets\saurabhbagchi\deepfake-image-detection\versions\2\train-20250112T065955Z-001\train\fake\241.jpg,1,fake
C:\Users\shash\.cache\kagglehub\datasets\saurabhbagchi\deepfake-image-detection\versions\2\train-20250112T065955Z-001\train\real\5228.jpg,0,real
C:\Users\shash\.cache\kagglehub\datasets\saurabhbagchi\deepfake-image-detection\versions\2\train-20250112T065955Z-001\train\real\5309.jpg,0,real
C:\Users\shash\.cache\kagglehub\datasets\saurabhbagchi\deepfake-image-detection\versions\2\train-20250112T065955Z-001\train\real\5183.jpg,0,real
C:\Users\shash\.cache\kagglehub\datasets\saurabhbagchi\deepfake-image-detection\versions\2\train-20250112T065955Z-001\train\fake\243.jpg,1,fake
C:\Users\shash\.cache\kagglehub\datasets\saurabhbagchi\deepfake-image-detection\versions\2\train-20250112T065955Z-001\train\fake\153.jpg,1,fake
C:\Users\shash\.cache\kagglehub\datasets\saurabhbagchi\deepfake-image-detection\versions\2\train-20250112T065955Z-001\train\fake\532.jpg,1,fake
C:\Users\shash\.cache\kagglehub\datasets\saurabhbagchi\deepfake-image-detection\versions\2\train-20250112T065955Z-001\train\fake\207.jpg,1,fake
C:\Users\shash\.cache\kagglehub\datasets\saurabhbagchi\deepfake-image-detection\versions\2\train-20250112T065955Z-001\train\fake\516.jpg,1,fake
C:\Users\shash\.cache\kagglehub\datasets\saurabhbagchi\deepfake-image-detection\versions\2\train-20250112T065955Z-001\train\real\5308.jpg,0,real
C:\Users\shash\.cache\kagglehub\datasets\saurabhbagchi\deepfake-image-detection\versions\2\train-20250112T065955Z-001\train\real\5305.jpg,0,real
C:\Users\shash\.cache\kagglehub\datasets\saurabhbagchi\deepfake-image-detection\versions\2\train-20250112T065955Z-001\train\fake\244.jpg,1,fake
C:\Users\shash\.cache\kagglehub\datasets\saurabhbagchi\deepfake-image-detection\versions\2\train-20250112T065955Z-001\train\fake\136.jpg,1,fake
C:\Users\shash\.cache\kagglehub\datasets\saurabhbagchi\deepfake-image-detection\versions\2\train-20250112T065955Z-001\train\fake\199.jpg,1,fake
C:\Users\shash\.cache\kagglehub\datasets\saurabhbagchi\deepfake-image-detection\versions\2\train-20250112T065955Z-001\train\real\5409.jpg,0,real
C:\Users\shash\.cache\kagglehub\datasets\saurabhbagchi\deepfake-image-detection\versions\2\train-20250112T065955Z-001\train\real\5186.jpg,0,real
C:\Users\shash\.cache\kagglehub\datasets\saurabhbagchi\deepfake-image-detection\versions\2\train-20250112T065955Z-001\train\fake\219.jpg,1,fake
C:\Users\shash\.cache\kagglehub\datasets\saurabhbagchi\deepfake-image-detection\versions\2\train-20250112T065955Z-001\train\real\5417.jpg,0,real
C:\Users\shash\.cache\kagglehub\datasets\saurabhbagchi\deepfake-image-detection\versions\2\train-20250112T065955Z-001\train\real\5249.jpg,0,real
C:\Users\shash\.cache\kagglehub\datasets\saurabhbagchi\deepfake-image-detection\versions\2\train-20250112T065955Z-001\train\fake\520.jpg,1,fake
C:\Users\shash\.cache\kagglehub\datasets\saurabhbagchi\deepfake-image-detection\versions\2\train-20250112T065955Z-001\train\real\5194.jpg,0,real
C:\Users\shash\.cache\kagglehub\datasets\saurabhbagchi\deepfake-image-detection\versions\2\train-20250112T065955Z-001\train\real\5115.jpg,0,real
C:\Users\shash\.cache\kagglehub\datasets\saurabhbagchi\deepfake-image-detection\versions\2\train-20250112T065955Z-001\train\real\5370.jpg,0,real
C:\Users\shash\.cache\kagglehub\datasets\saurabhbagchi\deepfake-image-detection\versions\2\train-20250112T065955Z-001\train\fake\531.jpg,1,fake
C:\Users\shash\.cache\kagglehub\datasets\saurabhbagchi\deepfake-image-detection\versions\2\train-20250112T065955Z-001\train\fake\533.jpg,1,fake
C:\Users\shash\.cache\kagglehub\datasets\saurabhbagchi\deepfake-image-detection\versions\2\train-20250112T065955Z-001\train\real\5432.jpg,0,real
C:\Users\shash\.cache\kagglehub\datasets\saurabhbagchi\deepfake-image-detection\versions\2\train-20250112T065955Z-001\train\fake\158(1).jpg,1,fake
C:\Users\shash\.cache\kagglehub\datasets\saurabhbagchi\deepfake-image-detection\versions\2\train-20250112T065955Z-001\train\real\5199.jpg,0,real
C:\Users\shash\.cache\kagglehub\datasets\saurabhbagchi\deepfake-image-detection\versions\2\train-20250112T065955Z-001\train\real\5406.jpg,0,real
C:\Users\shash\.cache\kagglehub\datasets\saurabhbagchi\deepfake-image-detection\versions\2\train-20250112T065955Z-001\train\real\5219.jpg,0,real
C:\Users\shash\.cache\kagglehub\datasets\saurabhbagchi\deepfake-image-detection\versions\2\train-20250112T065955Z-001\train\real\5320.jpg,0,real
C:\Users\shash\.cache\kagglehub\datasets\saurabhbagchi\deepfake-image-detection\versions\2\train-20250112T065955Z-001\train\fake\173.jpg,1,fake
C:\Users\shash\.cache\kagglehub\datasets\saurabhbagchi\deepfake-image-detection\versions\2\train-20250112T065955Z-001\train\real\5405.jpg,0,real
C:\Users\shash\.cache\kagglehub\datasets\saurabhbagchi\deepfake-image-detection\versions\2\train-20250112T065955Z-001\train\fake\237.jpg,1,fake
C:\Users\shash\.cache\kagglehub\datasets\saurabhbagchi\deepfake-image-detection\versions\2\train-20250112T065955Z-001\train\fake\161.jpg,1,fake
C:\Users\shash\.cache\kagglehub\datasets\saurabhbagchi\deepfake-image-detection\versions\2\train-20250112T065955Z-001\train\fake\220.jpg,1,fake
C:\Users\shash\.cache\kagglehub\datasets\saurabhbagchi\deepfake-image-detection\versions\2\train-20250112T065955Z-001\train\real\5372.jpg,0,real
C:\Users\shash\.cache\kagglehub\datasets\saurabhbagchi\deepfake-image-detection\versions\2\train-20250112T065955Z-001\train\real\5274.jpg,0,real
C:\Users\shash\.cache\kagglehub\datasets\saurabhbagchi\deepfake-image-detection\versions\2\train-20250112T065955Z-001\train\real\5138.jpg,0,real
C:\Users\shash\.cache\kagglehub\datasets\saurabhbagchi\deepfake-image-detection\versions\2\train-20250112T065955Z-001\train\fake\178.jpg,1,fake
C:\Users\shash\.cache\kagglehub\datasets\saurabhbagchi\deepfake-image-detection\versions\2\train-20250112T065955Z-001\train\real\5344.jpg,0,real
C:\Users\shash\.cache\kagglehub\datasets\saurabhbagchi\deepfake-image-detection\versions\2\train-20250112T065955Z-001\train\real\5348.jpg,0,real
C:\Users\shash\.cache\kagglehub\datasets\saurabhbagchi\deepfake-image-detection\versions\2\train-20250112T065955Z-001\train\real\5286.jpg,0,real
C:\Users\shash\.cache\kagglehub\datasets\saurabhbagchi\deepfake-image-detection\versions\2\train-20250112T065955Z-001\train\fake\184.jpg,1,fake
C:\Users\shash\.cache\kagglehub\datasets\saurabhbagchi\deepfake-image-detection\versions\2\train-20250112T065955Z-001\train\real\5208.jpg,0,real
C:\Users\shash\.cache\kagglehub\datasets\saurabhbagchi\deepfake-image-detection\versions\2\train-20250112T065955Z-001\train\fake\201.jpg,1,fake
C:\Users\shash\.cache\kagglehub\datasets\saurabhbagchi\deepfake-image-detection\versions\2\train-20250112T065955Z-001\train\fake\138.jpg,1,fake
C:\Users\shash\.cache\kagglehub\datasets\saurabhbagchi\deepfake-image-detection\versions\2\train-20250112T065955Z-001\train\real\5184.jpg,0,real
C:\Users\shash\.cache\kagglehub\datasets\saurabhbagchi\deepfake-image-detection\versions\2\train-20250112T065955Z-001\train\real\5120.jpg,0,real
C:\Users\shash\.cache\kagglehub\datasets\saurabhbagchi\deepfake-image-detection\versions\2\train-20250112T065955Z-001\train\fake\536.jpg,1,fake
C:\Users\shash\.cache\kagglehub\datasets\saurabhbagchi\deepfake-image-detection\versions\2\train-20250112T065955Z-001\train\fake\137.jpg,1,fake
C:\Users\shash\.cache\kagglehub\datasets\saurabhbagchi\deepfake-image-detection\versions\2\train-20250112T065955Z-001\train\real\5151.jpg,0,real
C:\Users\shash\.cache\kagglehub\datasets\saurabhbagchi\deepfake-image-detection\versions\2\train-20250112T065955Z-001\train\real\5116.jpg,0,real
C:\Users\shash\.cache\kagglehub\datasets\saurabhbagchi\deepfake-image-detection\versions\2\train-20250112T065955Z-001\train\real\5278.jpg,0,real
C:\Users\shash\.cache\kagglehub\datasets\saurabhbagchi\deepfake-image-detection\versions\2\train-20250112T065955Z-001\train\real\5364.jpg,0,real
C:\Users\shash\.cache\kagglehub\datasets\saurabhbagchi\deepfake-image-detection\versions\2\train-20250112T065955Z-001\train\real\5215.jpg,0,real
C:\Users\shash\.cache\kagglehub\datasets\saurabhbagchi\deepfake-image-detection\versions\2\train-20250112T065955Z-001\train\real\5180.jpg,0,real
C:\Users\shash\.cache\kagglehub\datasets\saurabhbagchi\deepfake-image-detection\versions\2\train-20250112T065955Z-001\train\real\5242.jpg,0,real
C:\Users\shash\.cache\kagglehub\datasets\saurabhbagchi\deepfake-image-detection\versions\2\train-20250112T065955Z-001\train\fake\135.jpg,1,fake
C:\Users\shash\.cache\kagglehub\datasets\saurabhbagchi\deepfake-image-detection\versions\2\train-20250112T065955Z-001\train\real\5133.jpg,0,real
C:\Users\shash\.cache\kagglehub\datasets\saurabhbagchi\deepfake-image-detection\versions\2\train-20250112T065955Z-001\train\fake\155.jpg,1,fake
C:\Users\shash\.cache\kagglehub\datasets\saurabhbagchi\deepfake-image-detection\versions\2\train-20250112T065955Z-001\train\fake\214.jpg,1,fake
C:\Users\shash\.cache\kagglehub\datasets\saurabhbagchi\deepfake-image-detection\versions\2\train-20250112T065955Z-001\train\real\5395.jpg,0,real
C:\Users\shash\.cache\kagglehub\datasets\saurabhbagchi\deepfake-image-detection\versions\2\train-20250112T065955Z-001\train\real\5371.jpg,0,real
C:\Users\shash\.cache\kagglehub\datasets\saurabhbagchi\deepfake-image-detection\versions\2\train-20250112T065955Z-001\train\real\5112.jpg,0,real
C:\Users\shash\.cache\kagglehub\datasets\saurabhbagchi\deepfake-image-detection\versions\2\train-20250112T065955Z-001\train\real\5173.jpg,0,real
C:\Users\shash\.cache\kagglehub\datasets\saurabhbagchi\deepfake-image-detection\versions\2\train-20250112T065955Z-001\train\real\5203.jpg,0,real
C:\Users\shash\.cache\kagglehub\datasets\saurabhbagchi\deepfake-image-detection\versions\2\train-20250112T065955Z-001\train\real\5333.jpg,0,real
C:\Users\shash\.cache\kagglehub\datasets\saurabhbagchi\deepfake-image-detection\versions\2\train-20250112T065955Z-001\train\fake\189.jpg,1,fake
C:\Users\shash\.cache\kagglehub\datasets\saurabhbagchi\deepfake-image-detection\versions\2\train-20250112T065955Z-001\train\real\5201.jpg,0,real
C:\Users\shash\.cache\kagglehub\datasets\saurabhbagchi\deepfake-image-detection\versions\2\train-20250112T065955Z-001\train\real\5358.jpg,0,real
C:\Users\shash\.cache\kagglehub\datasets\saurabhbagchi\deepfake-image-detection\versions\2\train-20250112T065955Z-001\train\fake\141.jpg,1,fake
C:\Users\shash\.cache\kagglehub\datasets\saurabhbagchi\deepfake-image-detection\versions\2\train-20250112T065955Z-001\train\real\5385.jpg,0,real
C:\Users\shash\.cache\kagglehub\datasets\saurabhbagchi\deepfake-image-detection\versions\2\train-20250112T065955Z-001\train\real\5139.jpg,0,real
C:\Users\shash\.cache\kagglehub\datasets\saurabhbagchi\deepfake-image-detection\versions\2\train-20250112T065955Z-001\train\real\5384.jpg,0,real
C:\Users\shash\.cache\kagglehub\datasets\saurabhbagchi\deepfake-image-detection\versions\2\train-20250112T065955Z-001\train\real\5310.jpg,0,real
C:\Users\shash\.cache\kagglehub\datasets\saurabhbagchi\deepfake-image-detection\versions\2\train-20250112T065955Z-001\train\fake\142.jpg,1,fake
C:\Users\shash\.cache\kagglehub\datasets\saurabhbagchi\deepfake-image-detection\versions\2\train-20250112T065955Z-001\train\real\5381.jpg,0,real
C:\Users\shash\.cache\kagglehub\datasets\saurabhbagchi\deepfake-image-detection\versions\2\train-20250112T065955Z-001\train\real\5313.jpg,0,real
C:\Users\shash\.cache\kagglehub\datasets\saurabhbagchi\deepfake-image-detection\versions\2\train-20250112T065955Z-001\train\fake\198.jpg,1,fake
C:\Users\shash\.cache\kagglehub\datasets\saurabhbagchi\deepfake-image-detection\versions\2\train-20250112T065955Z-001\train\real\5349.jpg,0,real
C:\Users\shash\.cache\kagglehub\datasets\saurabhbagchi\deepfake-image-detection\versions\2\train-20250112T065955Z-001\train\real\5257.jpg,0,real
C:\Users\shash\.cache\kagglehub\datasets\saurabhbagchi\deepfake-image-detection\versions\2\train-20250112T065955Z-001\train\fake\518.jpg,1,fake
C:\Users\shash\.cache\kagglehub\datasets\saurabhbagchi\deepfake-image-detection\versions\2\train-20250112T065955Z-001\train\real\5343.jpg,0,real
C:\Users\shash\.cache\kagglehub\datasets\saurabhbagchi\deepfake-image-detection\versions\2\train-20250112T065955Z-001\train\real\5146.jpg,0,real
C:\Users\shash\.cache\kagglehub\datasets\saurabhbagchi\deepfake-image-detection\versions\2\train-20250112T065955Z-001\train\fake\212.jpg,1,fake
C:\Users\shash\.cache\kagglehub\datasets\saurabhbagchi\deepfake-image-detection\versions\2\train-20250112T065955Z-001\train\real\5264.jpg,0,real
C:\Users\shash\.cache\kagglehub\datasets\saurabhbagchi\deepfake-image-detection\versions\2\train-20250112T065955Z-001\train\real\5147.jpg,0,real
C:\Users\shash\.cache\kagglehub\datasets\saurabhbagchi\deepfake-image-detection\versions\2\train-20250112T065955Z-001\train\real\5182.jpg,0,real
C:\Users\shash\.cache\kagglehub\datasets\saurabhbagchi\deepfake-image-detection\versions\2\train-20250112T065955Z-001\train\fake\230.jpg,1,fake
C:\Users\shash\.cache\kagglehub\datasets\saurabhbagchi\deepfake-image-detection\versions\2\train-20250112T065955Z-001\train\real\5195.jpg,0,real
C:\Users\shash\.cache\kagglehub\datasets\saurabhbagchi\deepfake-image-detection\versions\2\train-20250112T065955Z-001\train\real\5152.jpg,0,real
C:\Users\shash\.cache\kagglehub\datasets\saurabhbagchi\deepfake-image-detection\versions\2\train-20250112T065955Z-001\train\real\5332.jpg,0,real
C:\Users\shash\.cache\kagglehub\datasets\saurabhbagchi\deepfake-image-detection\versions\2\train-20250112T065955Z-001\train\real\5336.jpg,0,real
C:\Users\shash\.cache\kagglehub\datasets\saurabhbagchi\deepfake-image-detection\versions\2\train-20250112T065955Z-001\train\real\5273.jpg,0,real
C:\Users\shash\.cache\kagglehub\datasets\saurabhbagchi\deepfake-image-detection\versions\2\train-20250112T065955Z-001\train\real\5396.jpg,0,real
C:\Users\shash\.cache\kagglehub\datasets\saurabhbagchi\deepfake-image-detection\versions\2\train-20250112T065955Z-001\train\fake\206.jpg,1,fake
C:\Users\shash\.cache\kagglehub\datasets\saurabhbagchi\deepfake-image-detection\versions\2\train-20250112T065955Z-001\train\fake\514.jpg,1,fake
C:\Users\shash\.cache\kagglehub\datasets\saurabhbagchi\deepfake-image-detection\versions\2\train-20250112T065955Z-001\train\real\5117.jpg,0,real
C:\Users\shash\.cache\kagglehub\datasets\saurabhbagchi\deepfake-image-detection\versions\2\train-20250112T065955Z-001\train\real\5204.jpg,0,real
C:\Users\shash\.cache\kagglehub\datasets\saurabhbagchi\deepfake-image-detection\versions\2\train-20250112T065955Z-001\train\fake\246.jpg,1,fake
C:\Users\shash\.cache\kagglehub\datasets\saurabhbagchi\deepfake-image-detection\versions\2\train-20250112T065955Z-001\train\real\5134.jpg,0,real
C:\Users\shash\.cache\kagglehub\datasets\saurabhbagchi\deepfake-image-detection\versions\2\train-20250112T065955Z-001\train\real\5255.jpg,0,real
C:\Users\shash\.cache\kagglehub\datasets\saurabhbagchi\deepfake-image-detection\versions\2\train-20250112T065955Z-001\train\fake\156.jpg,1,fake
C:\Users\shash\.cache\kagglehub\datasets\saurabhbagchi\deepfake-image-detection\versions\2\train-20250112T065955Z-001\train\real\5200.jpg,0,real
C:\Users\shash\.cache\kagglehub\datasets\saurabhbagchi\deepfake-image-detection\versions\2\train-20250112T065955Z-001\train\real\5171.jpg,0,real
C:\Users\shash\.cache\kagglehub\datasets\saurabhbagchi\deepfake-image-detection\versions\2\train-20250112T065955Z-001\train\real\5136.jpg,0,real
C:\Users\shash\.cache\kagglehub\datasets\saurabhbagchi\deepfake-image-detection\versions\2\train-20250112T065955Z-001\train\real\5162.jpg,0,real
C:\Users\shash\.cache\kagglehub\datasets\saurabhbagchi\deepfake-image-detection\versions\2\train-20250112T065955Z-001\train\real\5322.jpg,0,real
C:\Users\shash\.cache\kagglehub\datasets\saurabhbagchi\deepfake-image-detection\versions\2\train-20250112T065955Z-001\train\real\5304.jpg,0,real
C:\Users\shash\.cache\kagglehub\datasets\saurabhbagchi\deepfake-image-detection\versions\2\train-20250112T065955Z-001\train\real\5420.jpg,0,real
C:\Users\shash\.cache\kagglehub\datasets\saurabhbagchi\deepfake-image-detection\versions\2\train-20250112T065955Z-001\train\real\5319.jpg,0,real
C:\Users\shash\.cache\kagglehub\datasets\saurabhbagchi\deepfake-image-detection\versions\2\train-20250112T065955Z-001\train\fake\195.jpg,1,fake
C:\Users\shash\.cache\kagglehub\datasets\saurabhbagchi\deepfake-image-detection\versions\2\train-20250112T065955Z-001\train\real\5135.jpg,0,real
C:\Users\shash\.cache\kagglehub\datasets\saurabhbagchi\deepfake-image-detection\versions\2\train-20250112T065955Z-001\train\real\5398.jpg,0,real
C:\Users\shash\.cache\kagglehub\datasets\saurabhbagchi\deepfake-image-detection\versions\2\train-20250112T065955Z-001\train\fake\202.jpg,1,fake
C:\Users\shash\.cache\kagglehub\datasets\saurabhbagchi\deepfake-image-detection\versions\2\train-20250112T065955Z-001\train\fake\187.jpg,1,fake
C:\Users\shash\.cache\kagglehub\datasets\saurabhbagchi\deepfake-image-detection\versions\2\train-20250112T065955Z-001\train\fake\231.jpg,1,fake
C:\Users\shash\.cache\kagglehub\datasets\saurabhbagchi\deepfake-image-detection\versions\2\train-20250112T065955Z-001\train\real\5258.jpg,0,real
C:\Users\shash\.cache\kagglehub\datasets\saurabhbagchi\deepfake-image-detection\versions\2\train-20250112T065955Z-001\train\real\5342.jpg,0,real
C:\Users\shash\.cache\kagglehub\datasets\saurabhbagchi\deepfake-image-detection\versions\2\train-20250112T065955Z-001\train\fake\134.jpg,1,fake
C:\Users\shash\.cache\kagglehub\datasets\saurabhbagchi\deepfake-image-detection\versions\2\train-20250112T065955Z-001\train\real\5300.jpg,0,real
C:\Users\shash\.cache\kagglehub\datasets\saurabhbagchi\deepfake-image-detection\versions\2\train-20250112T065955Z-001\train\real\5351.jpg,0,real
C:\Users\shash\.cache\kagglehub\datasets\saurabhbagchi\deepfake-image-detection\versions\2\train-20250112T065955Z-001\train\fake\204.jpg,1,fake
C:\Users\shash\.cache\kagglehub\datasets\saurabhbagchi\deepfake-image-detection\versions\2\train-20250112T065955Z-001\train\fake\186.jpg,1,fake
C:\Users\shash\.cache\kagglehub\datasets\saurabhbagchi\deepfake-image-detection\versions\2\train-20250112T065955Z-001\train\fake\190.jpg,1,fake
C:\Users\shash\.cache\kagglehub\datasets\saurabhbagchi\deepfake-image-detection\versions\2\train-20250112T065955Z-001\train\real\5190.jpg,0,real
C:\Users\shash\.cache\kagglehub\datasets\saurabhbagchi\deepfake-image-detection\versions\2\train-20250112T065955Z-001\train\real\5428.jpg,0,real
C:\Users\shash\.cache\kagglehub\datasets\saurabhbagchi\deepfake-image-detection\versions\2\train-20250112T065955Z-001\train\real\5410.jpg,0,real
C:\Users\shash\.cache\kagglehub\datasets\saurabhbagchi\deepfake-image-detection\versions\2\train-20250112T065955Z-001\train\fake\208.jpg,1,fake
C:\Users\shash\.cache\kagglehub\datasets\saurabhbagchi\deepfake-image-detection\versions\2\train-20250112T065955Z-001\train\real\5427.jpg,0,real
C:\Users\shash\.cache\kagglehub\datasets\saurabhbagchi\deepfake-image-detection\versions\2\train-20250112T065955Z-001\train\real\5165.jpg,0,real
C:\Users\shash\.cache\kagglehub\datasets\saurabhbagchi\deepfake-image-detection\versions\2\train-20250112T065955Z-001\train\real\5260.jpg,0,real
C:\Users\shash\.cache\kagglehub\datasets\saurabhbagchi\deepfake-image-detection\versions\2\train-20250112T065955Z-001\train\real\5145.jpg,0,real
C:\Users\shash\.cache\kagglehub\datasets\saurabhbagchi\deepfake-image-detection\versions\2\train-20250112T065955Z-001\train\real\5148.jpg,0,real
C:\Users\shash\.cache\kagglehub\datasets\saurabhbagchi\deepfake-image-detection\versions\2\train-20250112T065955Z-001\train\real\5337.jpg,0,real
C:\Users\shash\.cache\kagglehub\datasets\saurabhbagchi\deepfake-image-detection\versions\2\train-20250112T065955Z-001\train\real\5414.jpg,0,real
C:\Users\shash\.cache\kagglehub\datasets\saurabhbagchi\deepfake-image-detection\versions\2\train-20250112T065955Z-001\train\real\5285.jpg,0,real
C:\Users\shash\.cache\kagglehub\datasets\saurabhbagchi\deepfake-image-detection\versions\2\train-20250112T065955Z-001\train\real\5247.jpg,0,real
C:\Users\shash\.cache\kagglehub\datasets\saurabhbagchi\deepfake-image-detection\versions\2\train-20250112T065955Z-001\train\real\5217.jpg,0,real
C:\Users\shash\.cache\kagglehub\datasets\saurabhbagchi\deepfake-image-detection\versions\2\train-20250112T065955Z-001\train\real\5379.jpg,0,real
C:\Users\shash\.cache\kagglehub\datasets\saurabhbagchi\deepfake-image-detection\versions\2\train-20250112T065955Z-001\train\real\5280.jpg,0,real
C:\Users\shash\.cache\kagglehub\datasets\saurabhbagchi\deepfake-image-detection\versions\2\train-20250112T065955Z-001\train\fake\196.jpg,1,fake
C:\Users\shash\.cache\kagglehub\datasets\saurabhbagchi\deepfake-image-detection\versions\2\train-20250112T065955Z-001\train\real\5316.jpg,0,real
C:\Users\shash\.cache\kagglehub\datasets\saurabhbagchi\deepfake-image-detection\versions\2\train-20250112T065955Z-001\train\real\5238.jpg,0,real
C:\Users\shash\.cache\kagglehub\datasets\saurabhbagchi\deepfake-image-detection\versions\2\train-20250112T065955Z-001\train\real\5111.jpg,0,real
C:\Users\shash\.cache\kagglehub\datasets\saurabhbagchi\deepfake-image-detection\versions\2\train-20250112T065955Z-001\train\real\5323.jpg,0,real
C:\Users\shash\.cache\kagglehub\datasets\saurabhbagchi\deepfake-image-detection\versions\2\train-20250112T065955Z-001\train\fake\228.jpg,1,fake
C:\Users\shash\.cache\kagglehub\datasets\saurabhbagchi\deepfake-image-detection\versions\2\train-20250112T065955Z-001\train\real\5250.jpg,0,real
C:\Users\shash\.cache\kagglehub\datasets\saurabhbagchi\deepfake-image-detection\versions\2\train-20250112T065955Z-001\train\real\5375.jpg,0,real
C:\Users\shash\.cache\kagglehub\datasets\saurabhbagchi\deepfake-image-detection\versions\2\train-20250112T065955Z-001\train\fake\245.jpg,1,fake
C:\Users\shash\.cache\kagglehub\datasets\saurabhbagchi\deepfake-image-detection\versions\2\train-20250112T065955Z-001\train\real\5307.jpg,0,real
C:\Users\shash\.cache\kagglehub\datasets\saurabhbagchi\deepfake-image-detection\versions\2\train-20250112T065955Z-001\train\fake\167.jpg,1,fake
C:\Users\shash\.cache\kagglehub\datasets\saurabhbagchi\deepfake-image-detection\versions\2\train-20250112T065955Z-001\train\real\5214.jpg,0,real
C:\Users\shash\.cache\kagglehub\datasets\saurabhbagchi\deepfake-image-detection\versions\2\train-20250112T065955Z-001\train\real\5399.jpg,0,real
C:\Users\shash\.cache\kagglehub\datasets\saurabhbagchi\deepfake-image-detection\versions\2\train-20250112T065955Z-001\train\fake\217.jpg,1,fake
C:\Users\shash\.cache\kagglehub\datasets\saurabhbagchi\deepfake-image-detection\versions\2\train-20250112T065955Z-001\train\real\5140.jpg,0,real
C:\Users\shash\.cache\kagglehub\datasets\saurabhbagchi\deepfake-image-detection\versions\2\train-20250112T065955Z-001\train\real\5317.jpg,0,real
C:\Users\shash\.cache\kagglehub\datasets\saurabhbagchi\deepfake-image-detection\versions\2\train-20250112T065955Z-001\train\real\5339.jpg,0,real
C:\Users\shash\.cache\kagglehub\datasets\saurabhbagchi\deepfake-image-detection\versions\2\train-20250112T065955Z-001\train\fake\215.jpg,1,fake
C:\Users\shash\.cache\kagglehub\datasets\saurabhbagchi\deepfake-image-detection\versions\2\train-20250112T065955Z-001\train\real\5302.jpg,0,real
C:\Users\shash\.cache\kagglehub\datasets\saurabhbagchi\deepfake-image-detection\versions\2\train-20250112T065955Z-001\train\real\5412.jpg,0,real
C:\Users\shash\.cache\kagglehub\datasets\saurabhbagchi\deepfake-image-detection\versions\2\train-20250112T065955Z-001\train\real\5388.jpg,0,real
C:\Users\shash\.cache\kagglehub\datasets\saurabhbagchi\deepfake-image-detection\versions\2\train-20250112T065955Z-001\train\real\5397.jpg,0,real
C:\Users\shash\.cache\kagglehub\datasets\saurabhbagchi\deepfake-image-detection\versions\2\train-20250112T065955Z-001\train\fake\222.jpg,1,fake
C:\Users\shash\.cache\kagglehub\datasets\saurabhbagchi\deepfake-image-detection\versions\2\train-20250112T065955Z-001\train\fake\221.jpg,1,fake
C:\Users\shash\.cache\kagglehub\datasets\saurabhbagchi\deepfake-image-detection\versions\2\train-20250112T065955Z-001\train\real\5387.jpg,0,real
C:\Users\shash\.cache\kagglehub\datasets\saurabhbagchi\deepfake-image-detection\versions\2\train-20250112T065955Z-001\train\real\5366.jpg,0,real
C:\Users\shash\.cache\kagglehub\datasets\saurabhbagchi\deepfake-image-detection\versions\2\train-20250112T065955Z-001\train\fake\150.jpg,1,fake
C:\Users\shash\.cache\kagglehub\datasets\saurabhbagchi\deepfake-image-detection\versions\2\train-20250112T065955Z-001\train\real\5374.jpg,0,real
C:\Users\shash\.cache\kagglehub\datasets\saurabhbagchi\deepfake-image-detection\versions\2\train-20250112T065955Z-001\train\real\5283.jpg,0,real
C:\Users\shash\.cache\kagglehub\datasets\saurabhbagchi\deepfake-image-detection\versions\2\train-20250112T065955Z-001\train\real\5229.jpg,0,real
C:\Users\shash\.cache\kagglehub\datasets\saurabhbagchi\deepfake-image-detection\versions\2\train-20250112T065955Z-001\train\fake\227.jpg,1,fake
C:\Users\shash\.cache\kagglehub\datasets\saurabhbagchi\deepfake-image-detection\versions\2\train-20250112T065955Z-001\train\real\5321.jpg,0,real
C:\Users\shash\.cache\kagglehub\datasets\saurabhbagchi\deepfake-image-detection\versions\2\train-20250112T065955Z-001\train\fake\513.jpg,1,fake
